USE master
GO
IF EXISTS (SELECT 'True' FROM sys.databases WHERE name = 'Colegiu')
   BEGIN
      Alter database colegiu set single_user with rollback immediate
	  DROP DATABASE Colegiu
   END
GO   
create database colegiu
GO
Alter authorization on database::colegiu to sa
USE colegiu 
GO
-- Crearea tabelei Catedre
CREATE TABLE Catedre
  ( 
     idcatedre Int PRIMARY KEY
     ,nmcatedre Char(50)UNIQUE
     ,idprofesor Int
  )  
GO
-- Crearea tabelei Objstud
CREATE TABLE objstud
  ( 
     idobjstud Int   PRIMARY KEY
     ,nmobjstud Char(50)UNIQUE
     ,idcatedre Int DEFAULT 1
  )  
GO  
-- Crearea tabelei Profesor
CREATE TABLE profesor
  ( 
     idprofesor Int   PRIMARY KEY
     ,nmprofesor Char(50) UNIQUE
   )
GO
-- Crearea tabelei ObjStGr
CREATE TABLE objstgr
  ( 
      idobjstgr Int IDENTITY  PRIMARY KEY
      ,idgrupa Int
      ,idobjstud Int
      ,idprofesor Int
  )  
GO
-- Crearea tabelei Grupa
CREATE TABLE grupa
  ( 
     idgrupa Int   PRIMARY KEY
     ,nmgrupa Char(30)UNIQUE
     ,anadm Int
     ,idprofesor Int
     ,idspec Int
  )  
GO
-- Crearea tabelei Student
CREATE TABLE student
  ( 
     idstudent Int IDENTITY  PRIMARY KEY
     ,nmstud Char(50)
     ,prenstud Char(50)
     ,patrstud Char(50)
     ,sexstud Char(1) CHECK (sexstud='m' or sexstud='f')
     ,Ncarnet Char(10)
     ,DataNs Date
     ,GSM Char(15)
     ,idgrupa Int
     ,idlocalit Int
  )  
GO  
--* Crearea tabelei Raion
CREATE TABLE raion
  ( 
     idraion Int   PRIMARY KEY
     ,nmraion Char(50)UNIQUE
  )
GO  
--* Crearea tabelei Spec
CREATE TABLE spec
  ( 
     idspec Int   PRIMARY KEY
     ,nmspec Char(50) UNIQUE
  )
GO  
--* Crearea tabelei Localit
CREATE TABLE localit
  ( 
     idlocalit Int   PRIMARY KEY
     ,nmlocalit Char(50) UNIQUE
     ,idraion Int
  )  
GO  
--* Crearea tabelei notele
CREATE TABLE notele
  ( 
     idnotele Int  IDENTITY PRIMARY KEY
     ,idstudent Int
     ,idobjstud Int
     ,data Date
     ,nota Decimal(4,2) CHECK (1<=nota and nota<=10)
  )  
GO  
--*****        Crearea indecsilor secundari si 
--****         a legaturilor dintre tabele  
--*              Este necesara ordinea de mai jos 
--*
--********      * Crearea legaturii Catedre - profesor  
ALTER TABLE catedre
   ADD CONSTRAINT FK_Catedre_idprofesor
      FOREIGN KEY (idprofesor) REFERENCES profesor  (idprofesor)
--*******   * Crearea legaturii Objstud - Catedre
ALTER TABLE objstud
  ADD CONSTRAINT FK_Objstud_idcatedre
     FOREIGN KEY (idcatedre) REFERENCES catedre (idcatedre)
--  **********      * Crearea legaturii Grupa - profesor  
ALTER TABLE grupa
  ADD CONSTRAINT FK_Grupa_idprofesor
     FOREIGN KEY (idprofesor) REFERENCES profesor (idprofesor)
-- ***********      * Crearea legaturii Grupa - Spec  
ALTER TABLE grupa
  ADD CONSTRAINT FK_Grupa_idspec
     FOREIGN KEY (idspec) REFERENCES spec (idspec)
--  **********      * Crearea legaturii Objstgr - profesor  
ALTER TABLE objstgr
  ADD CONSTRAINT FK_Objstgr_idprofesor
     FOREIGN KEY (idprofesor) REFERENCES profesor (idprofesor)
--   **********      * Crearea legaturii Objstgr - Grupa  
ALTER TABLE objstgr
  ADD CONSTRAINT FK_Objstgr_idgrupa
     FOREIGN KEY (idgrupa) REFERENCES grupa (idgrupa)
-- ************      * Crearea legaturii Objstgr - Objstud  
ALTER TABLE objstgr
  ADD CONSTRAINT FK_Objstgr_idobjstud
     FOREIGN KEY (idobjstud) REFERENCES objstud (idobjstud)
-- *********      * Crearea legaturii Student - Grupa
ALTER TABLE student
  ADD  CONSTRAINT FK_Student_idgrupa
     FOREIGN KEY (idgrupa) REFERENCES grupa (idgrupa)
--  **********      * Crearea legaturii Student - Localit  
ALTER TABLE student
  ADD CONSTRAINT FK_Student_idlocalit
     FOREIGN KEY (idlocalit) REFERENCES localit (idlocalit)
-- **********      * Crearea legaturii Localit - Raion  
ALTER TABLE localit
  ADD CONSTRAINT FK_Localit_idraion
     FOREIGN KEY (idraion) REFERENCES raion (idraion)
-- ********      * Crearea legaturii notele - student si notele objstud  
ALTER TABLE notele
   ADD CONSTRAINT FK_Notele_idstudent
      FOREIGN KEY (idstudent) REFERENCES student (idstudent)
ALTER TABLE notele
   ADD CONSTRAINT FK_Notele_idobjstud
      FOREIGN KEY (idobjstud) REFERENCES objstud (idobjstud)
--  **********
-- **** 
--inserarea informatiei
insert into spec(idspec,nmspec)
values(1,'informatica'),
      (2,'contabilitate'),
      (3,'secretariat si birotica'),
      (4,'turism'),
      (5,'merceologie'),
      (6,'finante');

--delete from profesor
--go
insert into profesor(idprofesor,nmprofesor)
values
                                        (1,'Arcan Petru'),
										(2,'Andriţchi Virgilia'),
										(3,'Arap Ina'),
										(4,'Aremescu Vitalie'),
										(5,'Barbaros Eduard'),
										(6,'Belschi Alexandru'),
										(7,'Beltiucov Nina'),
										(8,'Beschieru Vasile'),

										(9,'Bespalco Elena'),
										(10,'Bortă Svetlana'),
										(11,'Botnari Liliana'),
										(12,'Botnari Rodica'),
										(13,'Botnariuc Larisa'),
										(14,'Botoşanu Mihail'),

										(15,'Bulat Veniamin'),
										(16,'Burlaciuc Zinaida'),
										(17,'Caftanat Iulia'),
										(18,'Carasec Aurelia'),
										(19,'Carchelean Natalia'),
										(20,'Ceban Aurelia'),

										(21,'Cenuşă Valerian'),
                                        (22,'Cerbu Olga'),
										(23,'Chinişciuc Mariana'),
										(24,'Profesor24'),										

										(25,'Ciobanu Andrei'),
										(26,'Ciudin Nicolae'),

										(27,'Ciumac Aliona'),
										(28,'Cociug Maria'),
										(29,'Profesor29'),
										(30,'Profesor30'),
										(31,'Profesor31'),
										(32,'Cojocaru Cecilia'),

										(33,'Cornev Ludmila'),
										(34,'Corovai Gheorghe'),
										(35,'Coşulean Alexandr'),
										(36,'Creţu Eugenia'),
										(37,'Profesor37'),
										(38,'Cuzneţov Alexandru'),

										(39,'Damaschin Ion'),
										(40,'David Svetlana'),
										(41,'Dobrovolischii Olga'),
										(42,'Dovgani-Cemîrtan Irina'),
										(43,'Dumneanu Ala'),
										(44,'Faina Violeta'),

										(45,'Frecăuţanu Emilia'),
										(46,'Frunză Olga'),
										(47,'Fulga Maria'),
										(48,'Gabură Nadejda'),
										(49,'Ganganu Andrei'),
										(50,'Ghibu Octavian'),

										(51,'Godlevschi Anatoli'),
										(52,'Golic Larisa'),
										(53,'Gonta Vadim'),
										(54,'Gorcinschi Ariana'),
										(55,'Goreanu Ion'),
										(56,'Grigoriev Elena'),

										(57,'Gurschi Elena'),
										(58,'Guţu Livia'),
										(59,'Iordăchiţă Elena'),
										(60,'Iovu Olesea'),
										(61,'Ivanov Elena'),
										(62,'Jalbă Roman'),
										(63,'Jumbei Olga'),
										(64,'Lazu Vitalie'),
										(65,'Lebedev Vladimir'),
										(66,'Lisnic Boris'),
										(67,'Lotcă Irina'),

										(68,'Lupu Doina'),
										(69,'Manea Cristina'),
										(70,'Păduraru Rodica'),
										(71,'Mazur Vasile'),
										(72,'Melnic Liuba'),
										(73,'Melnic Vasile'),

										(74,'Midoni Tatiana'),
										(75,'Mihalaş Ion'),
										(76,'Mindrigan Dumitru'),
										(77,'Mititelu Andrei'),
										(78,'Musteaţă Victoria'),
										(79,'Negara Nina'),

										(80,'Negru Valentina'),
										(81,'Suhan Claudia'),
										(82,'Obadă Liuba'),
										(83,'Obadă Tatiana'),
										(84,'Oglindă Victoria'),
										(85,'Olari Ana'),

										(86,'Oprea Tamara'),
										(87,'Osoianu Viorica'),
										
										(89,'Paiu Ala'),
										(90,'Palancica Veaceslav'),
										(91,'Parancenco Oxana'),

										(92,'Pasecinic Irina'),
										(93,'Petrovschi Aurelia'),
										(94,'Polucci Tatiana'),
										(95,'Potîrniche Raisa'),
										(96,'Pozneac Silvia'),
										(97,'Prisăcaru Andrian'),

										(98,'Railean Alexandru'),
										(99,'Raţă Elena'),
										(100,'Rusnac Ludmila'),
										(101,'Sadoveanu Larisa'),
										(102,'Samburschi Veaceslav'),
										(103,'Şelestov Victor'),

										(104,'Spinei Constantin'),
										(105,'Stratulat Elena'),
										(106,'Profesor106'),
										(107,'Tanaşciuc Viorica'),
										(108,'Tanasiev Natalia'),
										(109,'Televca Natalia'),

										(110,'Tocovenco Elena'),
										(111,'Tofan Nelly'),
										(112,'Tomulescu Ludmila'),
										(113,'Profesor113'),
										(114,'Profesor114'),
																				
										(115,'Tonofrei Ecaterina'),

										(116,'Tricolici Diana'),
										(117,'Profesor117'),
										(118,'Trifan Aurel'),
										(119,'Tudorean Tatiana'),
										(120,'Vîlcu Sergiu'),
										(121,'Vodă Valentina'),

										(122,'Vrabie Vera'),
										(123,'Zavadschi Vitalie'),
										(124,'Zolotuhina Lidia');

insert into raion(idraion,nmraion)
values(1,'Anenii-Noi'),
      (2,'Balti'),
      (3,'Basarabeasca'),
      (4,'Briceni'),
      (5,'Cahul'),
      (6,'Camenca'),
      (7,'Cantemir'),
      (8,'Causeni'),
      (9,'Chisinau'),
      (10,'Cimislia'),
      (11,'Donduseni'),
      (12,'Drochia'),
      (13,'Dubasari'),
      (14,'Falesti'),
      (15,'Floresti'),
      (16,'Glodeni'),
      (17,'Hancesti'),
      (18,'Ialoveni'),
      (19,'Leova'),
      (20,'Nisporeni'),
      (21,'Ocnita'),
      (22,'Orhei'),
      (23,'Rabnita'),
      (24,'Rascani'),
      (25,'Rezina'),
      (26,'Sangerei'),
      (27,'Soldanesti'),
      (28,'Soroca'),
      (29,'Stefan-Voda'),
      (30,'Straseni'),
      (31,'Taraclia'),
      (32,'Telenesti'),
      (33,'Tiraspol'),
      (34,'Ungheni');
--delete from catedre
--go
insert into catedre(idcatedre,nmcatedre,idprofesor)
values(1,'limba si literatura romana',68),
      (2,'matematica',89),
      (3,'chimie, biologie si fizica',52),
      (4,'informatica',48),
      (5,'educatia fizica',8),
      (6,'informatica aplicata',39),
      (7,'economie',43),
      (8,'limbi straine',28),
      (9,'istorie si stiinte socioumane',34);

--delete from grupa
--go
insert into grupa(idgrupa,nmgrupa,anadm,idprofesor,idspec)
values(1,'C-1041',2010,1,2),
      (2,'C-1042',2010,2,2),
      (3,'C-1131',2011,3,2),
      (4,'C-1132',2011,4,2),
      (5,'C-1221',2012,5,2),
      (6,'C-1222',2012,6,2),
      (7,'C-1223',2012,7,2),
      (8,'C-1311',2013,8,2),
      (9,'C-1312',2013,9,2),
      (10,'F-1041',2010,11,6),
      (11,'F-1042',2010,12,6),
      (12,'F-1131',2011,13,6),
      (13,'F-1132',2011,14,6),
      (14,'F-1133',2011,15,6),
      (15,'F-1221',2012,16,6),
      (16,'F-1222',2012,17,6),
      (17,'F-1311',2013,18,6),
      (18,'F-1312',2013,19,6),
      (19,'I-1041',2010,21,1),
      (20,'I-1042',2010,22,1),
      (21,'I-1043',2010,23,1),
      (22,'I-1044',2010,23,1),
      (23,'I-1131',2011,25,1),
      (24,'I-1132',2011,26,1),
      (25,'I-1133',2011,27,1),
      (26,'I-1134',2011,28,1),
      (27,'I-1221',2012,29,1),
      (28,'I-1222',2012,31,1),
      (29,'I-1223',2012,32,1),
      (30,'I-1224',2012,33,1),
      (31,'I-1225',2012,34,1),
      (32,'I-1226',2012,35,1),
      (33,'I-1241',2012,36,1),
      (34,'I-1311',2013,37,1),
      (35,'I-1312',2013,38,1),
      (36,'I-1313',2013,39,1),
      (37,'I-1314',2013,41,1),
      (38,'I-1315',2013,42,1),
      (39,'I-1316',2013,43,1),
      (40,'M-1131',2011,44,5),
      (41,'SB-1041',2010,45,3),
      (42,'SB-1042',2010,46,3),
      (43,'SB-1043',2010,47,3),
      (44,'SB-1131',2011,48,3),
      (45,'SB-1132',2011,49,3),
      (46,'SB-1133',2011,51,3),
      (47,'SB-1221',2012,52,3),
      (48,'SB-1222',2012,53,3),
      (49,'SB-1223',2012,54,3),
      (50,'SB-1311',2013,55,3),
      (51,'SB-1312',2013,56,3),
      (52,'SB-1313',2013,57,3),
      (53,'T-1131',2011,58,4),
      (54,'T-1221',2012,59,4),
      (55,'T-1311',2013,61,4);

--delete from localit
--go
insert into localit(idlocalit,nmlocalit,idraion)
values(1,'Albinita',1),
      (2,'Chetrosu',1),
      (3,'Balmaz',1),
      (4,'Balti',2),
      (5,'Elizaveta',2),
      (6,'Sadovoe',2),
      (7,'Carabiber',3),
      (8,'Iordanovca',3),
      (9,'Abaclia',3),
      (10,'Bulboaca',4),
      (11,'Hlina',4),
      (12,'Larga',4),
      (13,'Burlacu',5),
      (14,'Bucuria',5),
      (15,'Nicolaevca',5),
      (16,'Sucleia',6),
      (17,'Vladimirovca',6),
      (18,'Frunza',6),
      (19,'Ciobalaccia',7),
      (20,'Taraclia',7),
      (21,'Iepureni',7),
      (22,'Copanca',8),
      (23,'Grigorievca',8),
      (24,'Hagimus',8),
      (25,'Cricova',9),
      (26,'Chisinau',9),
      (27,'Goian',9),
      (28,'Javgur',10),
      (29,'Iurievca',10),
      (30,'Mereni',10),
      (31,'Briceni',11),
      (32,'Frasin',11),
      (33,'Pivniceni',11),
      (34,'Dominteni',12),
      (35,'Lazo',12),
      (36,'Nicoreni',12),
      (37,'Oxentea',13),
      (38,'Cocieri',13),
      (39,'Vasilievca',13),
      (40,'Egorovca',14),
      (41,'Doltu',14),
      (42,'Burghelea',14),
      (43,'Domulgeni',15),
      (44,'Mihailovca',15),
      (45,'Sevirova',15),
      (46,'Cot',16),
      (47,'Soroca',16),
      (48,'Movileni',16),
      (49,'Obileni',17),
      (50,'Pereni',17),
      (51,'Cioara',17),
      (52,'Bardar',18),
      (53,'Gangura',18),
      (54,'Nimoreni',18),
      (55,'Cupcui',19),
      (56,'Troian',19),
      (57,'Tomai',19),
      (58,'Iurceni',20),
      (59,'Bursuc',20),
      (60,'Drojdieni',20),
      (61,'Lipnic',21),
      (62,'Paustova',21),
      (63,'Paladea',21),
      (64,'Curchi',22),
      (65,'Donici',22),
      (66,'Jeloboc',22),
      (67,'Butuceni',23),
      (68,'Rabnita',23),
      (69,'Stroiesti',23),
      (70,'Reteni',24),
      (71,'Dumeni',24),
      (72,'Ciubara',24),
      (73,'Ciorna',25),
      (74,'Rezina',25),
      (75,'Stohnaia',25),
      (76,'Alexeuca',26),
      (77,'Brejeni',26),
      (78,'Cotovca',26),
      (79,'Alcedar',27),
      (80,'Lelina',27),
      (81,'Mihuleni',27),
      (82,'Dubna',28),
      (83,'Iarova',28),
      (84,'Egoreni',28),
      (85,'Tudora',29),
      (86,'Alava',29),
      (87,'Palanca',29),
      (88,'Dolna',30),
      (89,'Chirianca',30),
      (90,'Huzun',30),
      (91,'Balabanu',31),
      (92,'Cortenul Nou',31),
      (93,'Orehovca',31),
      (94,'Ciofu',32),
      (95,'Coropceni',32),
      (96,'Ratus',32),
      (97,'Speia',33),
      (98,'Ofatinti',33),
      (99,'Buciusca',33),
      (100,'Chirileni',34),
      (101,'Leordoaia',34),
      (102,'Morenii Noi',34);

--delete from objstud
--go
insert into objstud(idobjstud,nmobjstud,idcatedre)
values(1,'SIG',7),
      (2,'Analiza Economica Financiara',7),
      (3,'Contabilitatea manageriala',7),
      (4,'Ora Clasei',9),
      (5,'Fiscalitate',7),
      (6,'Contabilitatea financiara',7),
      (7,'Contabilitatea în comert',7),
      (8,'Contabilitatea Institutilor Publice',7),
      (9,'Audit',7),
      (10,'Firma de exercitiu',7),
      (11,'Control de gestiune',4),
      (12,'Matematica',2),
      (13,'Istoria',9),
      (14,'Limba franceza',8),
      (15,'Contabilitatea bancara',7),
      (16,'Management',7),
      (17,'L.si lit.romana',1),
      (18,'Geografia',9),
      (19,'Educatia civica',9),
      (20,'Informatica',4),
      (21,'Chimia',3),
      (22,'Finante',7),
      (23,'Biologia',3),
      (24,'Fizica',3),
      (25,'Educatia fizica',5),
      (26,'Moneda si credit',7),
      (27,'Teoria economica',7),
      (28,'Statistica',7),
      (29,'Limba engleza',8),
      (30,'Birotica',4),
      (31,'Economia aplicata',7),
      (32,'Protectia civila',9),
      (33,'Gestiune financiara',7),
      (34,'Finante Intreprinderii',7),
      (35,'Drept financiar si fiscal',7),
      (36,'Bazele Functionarii Pietii de Capital',7),
      (37,'MG financiar',7),
      (38,'Preturi si tarife',7),
      (39,'Bazele activitatii bancare',7),
      (40,'Contabilitatea financiara si manageriala',7),
      (41,'Asigurari/Reasigurari',9),
      (42,'Finante publice',7),
      (43,'Relatii Valutare si Finante Internationale',7),
      (44,'SO',6),
      (45,'POO',6),
      (46,'Microeconomia',7),
      (47,'MEM',6),
      (48,'RC',6),
      (49,'PCPW',6),
      (50,'SGBD',6),
      (51,'PSI',6),
      (52,'SPG',6),
      (53,'SQL',6),
      (54,'Limbaj C',4),
      (55,'PC',4),
      (56,'BD Access',6),
      (57,'PBD',6),
      (58,'Bazele legislatiei',9),
      (59,'Merceologia marfurilor alimentare',7),
      (60,'Merceologia marfurilor nealimentare',7),
      (61,'Bazele contabilitatii',7),
      (62,'Notariat',9),
      (63,'Serviciu de secretariat',9),
      (64,'MG resurse umane',9),
      (65,'Dreptul administratiei publice',7),
      (66,'MG public',9),
      (67,'Dreptul Economic',7),
      (68,'Corespondenta ai Arhivistica',7),
      (69,'Drept penal',9),
      (70,'Dreptul muncii Protectiei sociale',9),
      (71,'Bazele MK',9),
      (72,'Deontologia Serviciului de secretariat',9),
      (73,'Elemente de drept civil',9),
      (74,'Lit. universala',1),
      (75,'Reglementari juridice Dreptului omului',9),
      (76,'Dreptul Familiei Acte Stare Civila',9),
      (77,'Psihologia si arta comunicarii',9),
      (78,'Istoria culturii si civilizatiei',9),
      (79,'Protectia muncii',9),
      (80,'Geografia turismului',9),
      (81,'Patrimoniul turistic',9),
      (82,'Econo.Org.activ.turi',9),
      (83,'Ecologia protecţiei mediului',9),
      (84,'Bazele activitatii turistice',9);

--delete from objstgr
--go
insert into objstgr(idgrupa,idobjstud,idprofesor)
values(1,1,1),
      (1,2,2),
      (1,3,3),
      (1,4,4),
      (1,5,5),
      (1,6,6),
      (1,7,7),
      (1,8,8),
      (1,9,9),
      (1,10,10),
      (1,11,11),
      (1,12,12),
      (1,13,13),
      (1,14,14),
      (2,15,1),
      (2,16,2),
      (2,17,3),
      (2,18,4),
      (2,19,5),
      (2,20,6),
      (2,21,7),
      (2,22,8),
      (2,23,9),
      (2,24,10),
      (2,25,11),
      (2,26,12),
      (2,27,13),
      (2,28,14),
      (3,29,1),
      (3,30,2),
      (3,31,3),
      (3,32,4),
      (3,33,5),
      (3,34,6),
      (3,35,7),
      (3,36,8),
      (3,37,9),
      (3,38,10),
      (3,39,11),
      (3,40,12),
      (3,41,13),
      (3,42,14),
      (4,43,1),
      (4,44,2),
      (4,45,3),
      (4,46,4),
      (4,47,5),
      (4,48,6),
      (4,49,7),
      (4,50,8),
      (4,51,9),
      (4,52,10),
      (4,53,11),
      (4,54,12),
      (4,55,13),
      (4,56,14),
      (5,57,1),
      (5,58,2),
      (5,59,3),
      (5,60,4),
      (5,61,5),
      (5,62,6),
      (5,63,7),
      (5,64,8),
      (5,65,9),
      (5,66,10),
      (5,67,11),
      (5,68,12),
      (5,69,13),
      (5,70,14),
      (6,71,1),
      (6,72,2),
      (6,73,3),
      (6,74,4),
      (6,75,5),
      (6,76,6),
      (6,77,7),
      (6,78,8),
      (6,79,9),
      (6,80,10),
      (6,81,11),
      (6,82,12),
      (6,83,13),
      (6,84,14),
      (7,1,1),
      (7,2,2),
      (7,3,3),
      (7,4,4),
      (7,5,5),
      (7,6,6),
      (7,7,7),
      (7,8,8),
      (7,9,9),
      (7,10,10),
      (7,11,11),
      (7,12,12),
      (7,13,13),
      (7,14,14),
      (8,15,1),
      (8,16,2),
      (8,17,3),
      (8,18,4),
      (8,19,5),
      (8,20,6),
      (8,21,7),
      (8,22,8),
      (8,23,9),
      (8,24,10),
      (8,25,11),
      (8,26,12),
      (8,27,13),
      (8,28,14),
      (9,29,1),
      (9,30,2),
      (9,31,3),
      (9,32,4),
      (9,33,5),
      (9,34,6),
      (9,35,7),
      (9,36,8),
      (9,37,9),
      (9,38,10),
      (9,39,11),
      (9,40,12),
      (9,41,13),
      (9,42,14),
      (10,43,1),
      (10,44,2),
      (10,45,3),
      (10,46,4),
      (10,47,5),
      (10,48,6),
      (10,49,7),
      (10,50,8),
      (10,51,9),
      (10,52,10),
      (10,53,11),
      (10,54,12),
      (10,55,13),
      (10,56,14),
      (11,57,1),
      (11,58,2),
      (11,59,3),
      (11,60,4),
      (11,61,5),
      (11,62,6),
      (11,63,7),
      (11,64,8),
      (11,65,9),
      (11,66,10),
      (11,67,11),
      (11,68,12),
      (11,69,13),
      (11,70,14),
      (12,71,1),
      (12,72,2),
      (12,73,3),
      (12,74,4),
      (12,75,5),
      (12,76,6),
      (12,77,7),
      (12,78,8),
      (12,79,9),
      (12,80,10),
      (12,81,11),
      (12,82,12),
      (12,83,13),
      (12,84,14),
      (13,1,1),
      (13,2,2),
      (13,3,3),
      (13,4,4),
      (13,5,5),
      (13,6,6),
      (13,7,7),
      (13,8,8),
      (13,9,9),
      (13,10,10),
      (13,11,11),
      (13,12,12),
      (13,13,13),
      (13,14,14),
      (14,15,1),
      (14,16,2),
      (14,17,3),
      (14,18,4),
      (14,19,5),
      (14,20,6),
      (14,21,7),
      (14,22,8),
      (14,23,9),
      (14,24,10),
      (14,25,11),
      (14,26,12),
      (14,27,13),
      (14,28,14),
      (15,29,1),
      (15,30,2),
      (15,31,3),
      (15,32,4),
      (15,33,5),
      (15,34,6),
      (15,35,7),
      (15,36,8),
      (15,37,9),
      (15,38,10),
      (15,39,11),
      (15,40,12),
      (15,41,13),
      (15,42,14),
      (16,43,1),
      (16,44,2),
      (16,45,3),
      (16,46,4),
      (16,47,5),
      (16,48,6),
      (16,49,7),
      (16,50,8),
      (16,51,9),
      (16,52,10),
      (16,53,11),
      (16,54,12),
      (16,55,13),
      (16,56,14),
      (17,57,1),
      (17,58,2),
      (17,59,3),
      (17,60,4),
      (17,61,5),
      (17,62,6),
      (17,63,7),
      (17,64,8),
      (17,65,9),
      (17,66,10),
      (17,67,11),
      (17,68,12),
      (17,69,13),
      (17,70,14),
      (18,71,1),
      (18,72,2),
      (18,73,3),
      (18,74,4),
      (18,75,5),
      (18,76,6),
      (18,77,7),
      (18,78,8),
      (18,79,9),
      (18,80,10),
      (18,81,11),
      (18,82,12),
      (18,83,13),
      (18,84,14),
      (19,1,1),
      (19,2,2),
      (19,3,3),
      (19,4,4),
      (19,5,5),
      (19,6,6),
      (19,7,7),
      (19,8,8),
      (19,9,9),
      (19,10,10),
      (19,11,11),
      (19,12,12),
      (19,13,13),
      (19,14,14),
      (20,15,1),
      (20,16,2),
      (20,17,3),
      (20,18,4),
      (20,19,5),
      (20,20,6),
      (20,21,7),
      (20,22,8),
      (20,23,9),
      (20,24,10),
      (20,25,11),
      (20,26,12),
      (20,27,13),
      (20,28,14),
      (21,29,1),
      (21,30,2),
      (21,31,3),
      (21,32,4),
      (21,33,5),
      (21,34,6),
      (21,35,7),
      (21,36,8),
      (21,37,9),
      (21,38,10),
      (21,39,11),
      (21,40,12),
      (21,41,13),
      (21,42,14),
      (22,43,1),
      (22,44,2),
      (22,45,3),
      (22,46,4),
      (22,47,5),
      (22,48,6),
      (22,49,7),
      (22,50,8),
      (22,51,9),
      (22,52,10),
      (22,53,11),
      (22,54,12),
      (22,55,13),
      (22,56,14),
      (23,57,1),
      (23,58,2),
      (23,59,3),
      (23,60,4),
      (23,61,5),
      (23,62,6),
      (23,63,7),
      (23,64,8),
      (23,65,9),
      (23,66,10),
      (23,67,11),
      (23,68,12),
      (23,69,13),
      (23,70,14),
      (24,71,1),
      (24,72,2),
      (24,73,3),
      (24,74,4),
      (24,75,5),
      (24,76,6),
      (24,77,7),
      (24,78,8),
      (24,79,9),
      (24,80,10),
      (24,81,11),
      (24,82,12),
      (24,83,13),
      (24,84,14),
      (25,1,1),
      (25,2,2),
      (25,3,3),
      (25,4,4),
      (25,5,5),
      (25,6,6),
      (25,7,7),
      (25,8,8),
      (25,9,9),
      (25,10,10),
      (25,11,11),
      (25,12,12),
      (25,13,13),
      (25,14,14),
      (26,15,1),
      (26,16,2),
      (26,17,3),
      (26,18,4),
      (26,19,5),
      (26,20,6),
      (26,21,7),
      (26,22,8),
      (26,23,9),
      (26,24,10),
      (26,25,11),
      (26,26,12),
      (26,27,13),
      (26,28,14),
      (27,29,1),
      (27,30,2),
      (27,31,3),
      (27,32,4),
      (27,33,5),
      (27,34,6),
      (27,35,7),
      (27,36,8),
      (27,37,9),
      (27,38,10),
      (27,39,11),
      (27,40,12),
      (27,41,13),
      (27,42,14),
      (28,43,1),
      (28,44,2),
      (28,45,3),
      (28,46,4),
      (28,47,5),
      (28,48,6),
      (28,49,7),
      (28,50,8),
      (28,51,9),
      (28,52,10),
      (28,53,11),
      (28,54,12),
      (28,55,13),
      (28,56,14),
      (29,57,1),
      (29,58,2),
      (29,59,3),
      (29,60,4),
      (29,61,5),
      (29,62,6),
      (29,63,7),
      (29,64,8),
      (29,65,9),
      (29,66,10),
      (29,67,11),
      (29,68,12),
      (29,69,13),
      (29,70,14),
      (30,71,1),
      (30,72,2),
      (30,73,3),
      (30,74,4),
      (30,75,5),
      (30,76,6),
      (30,77,7),
      (30,78,8),
      (30,79,9),
      (30,80,10),
      (30,81,11),
      (30,82,12),
      (30,83,13),
      (30,84,14),
      (31,1,1),
      (31,2,2),
      (31,3,3),
      (31,4,4),
      (31,5,5),
      (31,6,6),
      (31,7,7),
      (31,8,8),
      (31,9,9),
      (31,10,10),
      (31,11,11),
      (31,12,12),
      (31,13,13),
      (31,14,14),
      (32,15,1),
      (32,16,2),
      (32,17,3),
      (32,18,4),
      (32,19,5),
      (32,20,6),
      (32,21,7),
      (32,22,8),
      (32,23,9),
      (32,24,10),
      (32,25,11),
      (32,26,12),
      (32,27,13),
      (32,28,14),
      (33,29,1),
      (33,30,2),
      (33,31,3),
      (33,32,4),
      (33,33,5),
      (33,34,6),
      (33,35,7),
      (33,36,8),
      (33,37,9),
      (33,38,10),
      (33,39,11),
      (33,40,12),
      (33,41,13),
      (33,42,14),
      (34,43,1),
      (34,44,2),
      (34,45,3),
      (34,46,4),
      (34,47,5),
      (34,48,6),
      (34,49,7),
      (34,50,8),
      (34,51,9),
      (34,52,10),
      (34,53,11),
      (34,54,12),
      (34,55,13),
      (34,56,14),
      (35,57,1),
      (35,58,2),
      (35,59,3),
      (35,60,4),
      (35,61,5),
      (35,62,6),
      (35,63,7),
      (35,64,8),
      (35,65,9),
      (35,66,10),
      (35,67,11),
      (35,68,12),
      (35,69,13),
      (35,70,14),
      (36,71,1),
      (36,72,2),
      (36,73,3),
      (36,74,4),
      (36,75,5),
      (36,76,6),
      (36,77,7),
      (36,78,8),
      (36,79,9),
      (36,80,10),
      (36,81,11),
      (36,82,12),
      (36,83,13),
      (36,84,14),
      (37,1,1),
      (37,2,2),
      (37,3,3),
      (37,4,4),
      (37,5,5),
      (37,6,6),
      (37,7,7),
      (37,8,8),
      (37,9,9),
      (37,10,10),
      (37,11,11),
      (37,12,12),
      (37,13,13),
      (37,14,14),
      (38,15,1),
      (38,16,2),
      (38,17,3),
      (38,18,4),
      (38,19,5),
      (38,20,6),
      (38,21,7),
      (38,22,8),
      (38,23,9),
      (38,24,10),
      (38,25,11),
      (38,26,12),
      (38,27,13),
      (38,28,14),
      (39,29,1),
      (39,30,2),
      (39,31,3),
      (39,32,4),
      (39,33,5),
      (39,34,6),
      (39,35,7),
      (39,36,8),
      (39,37,9),
      (39,38,10),
      (39,39,11),
      (39,40,12),
      (39,41,13),
      (39,42,14),
      (40,43,1),
      (40,44,2),
      (40,45,3),
      (40,46,4),
      (40,47,5),
      (40,48,6),
      (40,49,7),
      (40,50,8),
      (40,51,9),
      (40,52,10),
      (40,53,11),
      (40,54,12),
      (40,55,13),
      (40,56,14),
      (41,57,1),
      (41,58,2),
      (41,59,3),
      (41,60,4),
      (41,61,5),
      (41,62,6),
      (41,63,7),
      (41,64,8),
      (41,65,9),
      (41,66,10),
      (41,67,11),
      (41,68,12),
      (41,69,13),
      (41,70,14),
      (42,71,1),
      (42,72,2),
      (42,73,3),
      (42,74,4),
      (42,75,5),
      (42,76,6),
      (42,77,7),
      (42,78,8),
      (42,79,9),
      (42,80,10),
      (42,81,11),
      (42,82,12),
      (42,83,13),
      (42,84,14),
      (43,1,1),
      (43,2,2),
      (43,3,3),
      (43,4,4),
      (43,5,5),
      (43,6,6),
      (43,7,7),
      (43,8,8),
      (43,9,9),
      (43,10,10),
      (43,11,11),
      (43,12,12),
      (43,13,13),
      (43,14,14),
      (44,15,1),
      (44,16,2),
      (44,17,3),
      (44,18,4),
      (44,19,5),
      (44,20,6),
      (44,21,7),
      (44,22,8),
      (44,23,9),
      (44,24,10),
      (44,25,11),
      (44,26,12),
      (44,27,13),
      (44,28,14),
      (45,29,1),
      (45,30,2),
      (45,31,3),
      (45,32,4),
      (45,33,5),
      (45,34,6),
      (45,35,7),
      (45,36,8),
      (45,37,9),
      (45,38,10),
      (45,39,11),
      (45,40,12),
      (45,41,13),
      (45,42,14),
      (46,43,1),
      (46,44,2),
      (46,45,3),
      (46,46,4),
      (46,47,5),
      (46,48,6),
      (46,49,7),
      (46,50,8),
      (46,51,9),
      (46,52,10),
      (46,53,11),
      (46,54,12),
      (46,55,13),
      (46,56,14),
      (47,57,1),
      (47,58,2),
      (47,59,3),
      (47,60,4),
      (47,61,5),
      (47,62,6),
      (47,63,7),
      (47,64,8),
      (47,65,9),
      (47,66,10),
      (47,67,11),
      (47,68,12),
      (47,69,13),
      (47,70,14),
      (48,71,1),
      (48,72,2),
      (48,73,3),
      (48,74,4),
      (48,75,5),
      (48,76,6),
      (48,77,7),
      (48,78,8),
      (48,79,9),
      (48,80,10),
      (48,81,11),
      (48,82,12),
      (48,83,13),
      (48,84,14),
      (49,1,1),
      (49,2,2),
      (49,3,3),
      (49,4,4),
      (49,5,5),
      (49,6,6),
      (49,7,7),
      (49,8,8),
      (49,9,9),
      (49,10,10),
      (49,11,11),
      (49,12,12),
      (49,13,13),
      (49,14,14),
      (50,15,1),
      (50,16,2),
      (50,17,3),
      (50,18,4),
      (50,19,5),
      (50,20,6),
      (50,21,7),
      (50,22,8),
      (50,23,9),
      (50,24,10),
      (50,25,11),
      (50,26,12),
      (50,27,13),
      (50,28,14),
      (51,29,1),
      (51,30,2),
      (51,31,3),
      (51,32,4),
      (51,33,5),
      (51,34,6),
      (51,35,7),
      (51,36,8),
      (51,37,9),
      (51,38,10),
      (51,39,11),
      (51,40,12),
      (51,41,13),
      (51,42,14),
      (52,43,1),
      (52,44,2),
      (52,45,3),
      (52,46,4),
      (52,47,5),
      (52,48,6),
      (52,49,7),
      (52,50,8),
      (52,51,9),
      (52,52,10),
      (52,53,11),
      (52,54,12),
      (52,55,13),
      (52,56,14),
      (53,57,1),
      (53,58,2),
      (53,59,3),
      (53,60,4),
      (53,61,5),
      (53,62,6),
      (53,63,7),
      (53,64,8),
      (53,65,9),
      (53,66,10),
      (53,67,11),
      (53,68,12),
      (53,69,13),
      (53,70,14),
      (54,71,1),
      (54,72,2),
      (54,73,3),
      (54,74,4),
      (54,75,5),
      (54,76,6),
      (54,77,7),
      (54,78,8),
      (54,79,9),
      (54,80,10),
      (54,81,11),
      (54,82,12),
      (54,83,13),
      (54,84,14),
      (55,1,1),
      (55,2,2),
      (55,3,3),
      (55,4,4),
      (55,5,5),
      (55,6,6),
      (55,7,7),
      (55,8,8),
      (55,9,9),
      (55,10,10),
      (55,11,11),
      (55,12,12),
      (55,13,13),
      (55,14,14);
--delete from student
--go
insert into student(nmstud,prenstud,patrstud,sexstud,datans,gsm,idgrupa,idlocalit)
values('Afteniuc','Vladislav','Vladimir','m','1994.12.3','069521004',1,1),
      ('Alexiuc','Alex','Alexei','m','1992.6.24','079584124',1,2),
      ('Barcari','Ion','Eugeniu','m','1991.11.3','060258624',1,3),
      ('Basarab','Olga','Leonid','f','1992.11.20',null,1,4),
      ('Bobeica','Nicolae','Ion','m','1990.4.17','069321478',1,5),
      ('Bolduratu','Mihai','Grigore','m','1996.7.15','245320182',2,6),
      ('Braniste','Eugeniu','Nicolae','m','1991.3.2','456201831',2,7),
      ('Cepraga','Pavel','Ion','m','1997.8.25','258954120',2,8),
      ('Ciubac','Ion','Haralampii','m','1995.6.5','456281030',2,9),
      ('Davidov','Anatolii','Stepan','m','1992.7.26','369852032',2,10),
      ('Dorgan','Valeria','Valeriu','f','1990','149076301',3,11),
      ('Gavriliuc','Iulian','Igor','m','1996.1.28','258258032',3,12),
      ('Ghimp','Sergiu','Leonid','m','1992.1.18','357159600',3,13),
      ('Gadei','Daniela','Vitalie','m','1993.2.19','213154892',3,14),
      ('Gladis','Vladlen','Anatolii','m','1994.3.20','365201230',3,15),
      ('Golban','Vladislav','Ion','m','1995.4.21','258001403',4,16),
      ('Tataru','Eugen','Aureliu','m','1992.5.22',null,4,17),
      ('Harea','Constantin','Vasile','m','1996.5.23','253012321',4,18),
      ('Iorjev','Roman','Serghei','m','1990.6.24','120103599',4,19),
      ('Lupu','Petru','Gheorghe','m','1991.7.27','958675413',4,20),
      ('Miron','Vasile','Gheorghe','m','1992.8.28','987456328',5,21),
      ('Petcu','Andrian','Fiodor','m','1993.9.24','258965410',5,22),
      ('Portarescu','Ion','Vladimir','m','1994.10.28','258255456',5,23),
      ('Postolache','Andrian','Oleg','m','1995.11.1','065125403',5,24),
      ('Proca','Radu','Ion','m','1996.12.2','042013005',5,25),
      ('Ripa','Mihail','Ivan','m','1990.1.3',null,6,26),
      ('Sirghi','Victoria','Leonid','m','1991.2.4','154742321',6,27),
      ('Slivca','Vitalie','Ion','m','1992.3.5','258258321',6,28),
      ('Tomag','Corneliu','Oleg','m','1993.4.6','154621454',6,29),
      ('Vicolas','Petru','Mihail','m','1994.5.7','102103054',6,30),
      ('Vlas','Gheorghe','Nicodim','m','1995.6.8','010302587',7,31),
      ('Lesan','Borgan','Vasile','m','1996.7.9','025862017',7,32),
      ('Pintea','Silvea','Ion','f','1990.8.10','147624830',7,33),
      ('Bologan','Mihai','Nicolae','m','1991.9.11','142005960',7,34),
      ('Coceban','Corneliu','Ion','m','1992.10.12','025413254',7,35),
      ('Andoni','Mihail','Mihail','m','1993.11.13','495454742',8,36),
      ('Anghel','Adrian','Dmitrii','m','1994.12.14','761341935',8,37),
      ('Balahtari','Tatiana','lurie','f','1995.1.15','996160625',8,38),
      ('Bejenaru','Cristian','Igor','m','1996.2.16','899402293',8,39),
      ('Botogan','Mihai','Marin','m','1990.3.17','166030974',8,40),
      ('Bors','Adrian','lurie','m','1991.4.17','210739845',9,41),
      ('Chirica','Andrei','Pavel','m','1992.5.18','552690362',9,42),
      ('Ciobanu','Eugeniu','Grigore','m','1993.6.19','861987514',9,43),
      ('Dumitrascu','Daniel','Valerii','m','1994.7.20','113002440',9,44),
      ('Grebănos','Marin','Marcel','m','1995.8.21',null,9,45),
      ('Grigoreanu','Antonela','Nicolae','f','1996.9.22','623731958',10,46),
      ('Griţcu','Mihail','Leonid','m','1990.10.23','809288221',10,47),
      ('Iaţco','Denis','Victor','m','1991.11.24','837685715',10,48),
      ('Ilco','Alexandru','Igor','m','1992.12.25','727169079',10,49),
      ('Istratii','Silviu','Lilian','m','1993.1.26','384829644',10,50),
      ('Loghin','Dumitru','Alexei','m','1994.2.27','52694038',11,51),
      ('Lupei','Vladislav','Nicolai','m','1995.3.28','854968568',11,52),
      ('Mazur','Pavel','Vasile','m','1996.4.29','701709278',11,53),
      ('Moroşan','Ion','Nicolae','m','1990.5.1',null,11,54),
      ('Pînzaru','Ionela','Alexei','f','1991.6.2','1001762720',11,55),
      ('Pluta','Cristian','lurie','m','1992.7.3','547965381',12,56),
      ('Russu','Natalia','Tudor','f','1993.8.4','403669774',12,57),
      ('Rusu','Alexandru','Vladislav','m','1994.9.5','1028411556',12,58),
      ('Solovei','Maxim','Vladimir','m','1995.10.6','400362550',12,59),
      ('Stoleru','Lidia','Boris','f','1996.11.7','584380067',12,60),
      ('Şişcanu','Radu','Andrei','m','1990.12.8','560987211',13,61),
      ('Toacă','Tudor','Pavel','m','1991.1.9','1229790856',13,62),
      ('Tomulescu','Vlad','Maxim','m','1992.2.10','385014207',13,63),
      ('Volontir','Vladislav','Mihail','m','1993.3.11','498038239',13,64),
      ('Zaharov','Vladislav','Silviu','m','1994.4.12',null,13,65),
      ('Bargan','Eduard','Aureliu','m','1995.5.13','1083390686',14,66),
      ('Bivol','Igor','Alexandru','m','1996.6.14','323473854',14,67),
      ('Boliubah','Olga','Petru','f','1990.7.15','349630626',14,68),
      ('Botezatu','Sergiu','Tudor','m','1991.8.16','1057827132',14,69),
      ('Budaca','Irina','Veaceslav','f','1992.9.17','179841505',14,70),
      ('Burlea','Nicolae','Anatolii','m','1993.10.18','1183238417',15,71),
      ('Ciolac','Ion','Tudor','m','1994.11.19','805029230',15,72),
      ('Colţişor','Victor','Vasile','m','1995.12.20','1200662990',15,73),
      ('Corcodel','Cristian','Nicolae','m','1996.1.21','315767135',15,74),
      ('Dima','Victor','Victor','m','1990.2.22','1117089919',15,75),
      ('Ilescu','Cristian','Vasile','m','1991.3.23','619263365',16,76),
      ('Leaşco','Dumitriţa','lurie','f','1992.4.24','1028255140',16,77),
      ('Marcu','Constantin','Simion','m','1993.5.25',null,16,78),
      ('Pascaru','Edgar','Nicolae','m','1994.6.26','938881970',16,79),
      ('Poalelungi','Daniela','Constantin','f','1995.7.27','461279591',16,80),
      ('Raţă','Alexandru','Gheorghe','m','1996.8.28','691998418',17,81),
      ('Sacara','Mihail','Victor','m','1990.9.29','270793438',17,82),
      ('Sandul','Cristian','Valeriu','m','1991.10.1','944648600',17,83),
      ('Smorodinov','Egor','Dumitru','m','1992.11.2','1197508496',17,84),
      ('Socolicov','Ion','Alexandru','m','1993.12.3','555319086',17,85),
      ('Tintiuc','Ion','Ion','m','1994.1.4','569879871',18,86),
      ('Ţuţuc','Marin','Victor','m','1995.2.5','1058942861',18,87),
      ('Ursu','Denis','Silvian','m','1996.3.6','1214385534',18,88),
      ('Valuţa','Alexandru','lurie','m','1990.4.7',null,18,89),
      ('Vataman','Vera','Igor','f','1991.5.8','1205375035',18,90),
      ('Vîrlan','Maxim','lurie','m','1992.6.9','637980926',19,91),
      ('Vleju','Vasile','Mihail','m','1993.7.10','115397257',19,92),
      ('Vrănescu','Alexandru','Valeriu','m','1994.8.11','373810334',19,93),
      ('Zalueeanu','Oleg','Petru','m','1995.9.12','149089834',19,94),
      ('Andreicu','Valentin','Serghei','m','1990.9.14','354910466',19,95),
      ('Barbacari','Igor','Serghei','m','1996.10.15','661752348',20,96),
      ('Bardă','Vladimir','Serghei','m','1990.11.16','82414406',20,97),
      ('Belotcaci','Ion','Nicolae','m','1991.12.17','1004961976',20,98),
      ('Busuioc','Alexandru','Nicolae','m','1992.1.18','197701052',20,99),
      ('Caldare','Anastasia','Andrei','f','1993.2.19',null,20,100),
      ('Chetrari','Iulian','Grigore','m','1994.3.20','1129473044',21,101),
      ('Ciorescu','Petru','Valeriu','m','1995.4.21','1038293472',21,102),
      ('Crucerescu','Vladimir','Oleg','m','1996.5.22','395889697',21,1),
      ('Draguţan','Nicu','Petru','m','1990.6.23','37030450',21,2),
      ('Evtodienco','Sergiu','Victor','m','1991.7.24','1111345096',21,3),
      ('Faureanu','Vadim','Aurel','m','1992.8.25','1066524507',22,4),
      ('Goreanu','Victor','Constantin','m','1993.9.26','379692703',22,5),
      ('Guzunovschi','Nicolae','Nicolae','m','1994.10.27','193440485',22,6),
      ('Iftodi','Cezara','Veaceslav','f','1995.11.28','1050895429',22,7),
      ('Ignat','Nicolae','Ion','m','1996.12.29','576472789',22,8),
      ('Lazar','Cristi','Igor','m','1990.1.1','342828421',23,9),
      ('Maxim','Ion','Valeriu','m','1991.2.2','389687866',23,10),
      ('Mihai','Arina','Andrei','f','1992.3.3','839916765',23,11),
      ('Mitroşin','Serghei','Alexandru','m','1993.4.4','1084056084',23,12),
      ('Moscalu','Natalia','Alexandru','f','1994.5.5','1122612250',23,13),
      ('Podlesnov','Maxim','Anatolie','m','1995.6.6',null,24,14),
      ('Rabii','Ion','Valentin','m','1996.7.7','1087658560',24,15),
      ('Racoveţ','Sergiu','Valeriu','m','1990.8.8','287866099',24,16),
      ('Revenco','Filip','Victor','m','1991.9.9','557114150',24,17),
      ('Sclifos','Daniela','Sergiu','f','1992.10.10','976089877',24,18),
      ('Scrob','Marin','Valeriu','m','1993.11.11','259717848',25,19),
      ('Sîrbu','Liviu','lurie','m','1994.12.12','469050254',25,20),
      ('Stepanov','Vadim','Petru','m','1995.1.13','698545132',25,21),
      ('Şoltoian','Tudor','Veaceslav','m','1996.2.14','518236116',25,22),
      ('Şulghin','Valeriu','Valeriu','m','1990.3.15','795028108',25,23),
      ('Tulbure','Ion','Ion','m','1991.4.16','313580388',26,24),
      ('Balan','Georgeta','Vladimir','f','1992.5.17','1118762976',26,25),
      ('Berladean','Vladislav','Tudor','m','1993.6.18','850704583',26,26),
      ('Bilevici','Andrei','Petru','m','1994.7.19','539387659',26,27),
      ('Boacă','Ralif','Gheorghe','m','1995.8.20',null,26,28),
      ('Bodrug','Tudor','Igor','m','1996.9.21','1012163042',27,29),
      ('Bosîi','Adrian','Victor','m','1990.10.22','971648795',27,30),
      ('Brînza','Vadim','Ion','m','1991.11.23','652881595',27,31),
      ('Burcă','Alexandrin','Victor','m','1992.12.24','340734796',27,32),
      ('Buzila','Nicolai','Vladimir','m','1993.1.25','216585667',27,33),
      ('Carazan','Dainis','Tudor','m','1994.2.26','16423721',28,34),
      ('Cebotari','Radu','Valera','m','1995.3.27','728268548',28,35),
      ('Cernomorcenco','Victor','Vladimir','m','1996.4.28','587328552',28,36),
      ('Crigan','Gheorghe','Igor','m','1990.5.29','91013341',28,37),
      ('Frolov','Sergiu','Victor','m','1991.6.1','441178284',28,38),
      ('Gatman','Cristina','Tudor','f','1992.7.2','889280582',29,39),
      ('Hartea','Anatolie','Vladimir','m','1993.8.3','224544900',29,40),
      ('Furcu','Andrei','Andrei','m','1994.9.4','150492368',29,41),
      ('Jechiu','Teodor','Sergiu','m','1995.10.5','505333373',29,42),
      ('Leahu','Igor','Andrei','m','1996.11.6',null,29,43),
      ('Usnic','Cristian','Tudor','m','1990.12.7','720606640',30,44),
      ('Marciuc','Eugeniu','Vladimir','m','1991.1.8','31793472',30,45),
      ('Oprea','Andrei','Mihai','m','1992.2.9','581429367',30,46),
      ('Orga','Ilie','Gregore','m','1993.3.10','767985291',30,47),
      ('Ploşniţa','Livia','Igor','f','1994.4.11','1214805501',30,48),
      ('Postolachi','Dumitru','Ivan','m','1995.5.12','599678891',31,49),
      ('Putina','Irina','Victor','f','1996.6.13','662504541',31,50),
      ('Ropot','Daniel','Anatolie','m','1990.7.14','920939025',31,51),
      ('Stavila','Ion','Andrei','m','1991.8.15',null,31,52),
      ('Suruoeanu','Dionis','Victor','m','1992.9.16','951415117',31,53),
      ('Vteiru','Viorel','Vladimir','m','1993.10.17','27298236',32,54),
      ('Zuza','Nlcolae','Igor','m','1994.11.18','138715715',32,55),
      ('Advahova','Irina','Igor','f','1995.12.19','364897250',32,56),
      ('Arbatov','Maxim','Vadim','m','1996.1.20','1094386720',32,57),
      ('Artamonov','Alexandru','Alexandru','m','1990.2.21','905372322',32,58),
      ('Bobcova','Irina','Vladimir','f','1991.3.22','311129406',33,59),
      ('Brenici','Marina','Filip','f','1992.4.23','885913122',33,60),
      ('Brenici','Serghei','Filip','m','1993.5.24','1183019422',33,61),
      ('Buinovschi','Ecaterina','Vitali','f','1994.6.25','725612792',33,62),
      ('Ceprazova','Natalia','Fiodor','f','1995.7.26','419333785',33,63),
      ('Cliucinicov','Alexandr','Serghei','m','1996.8.27','639713593',34,64),
      ('Cozac','Eric','Vadim','m','1990.9.28','',34,65),
      ('Creţul','Elena','Sergiu','f','1991.10.29','33742692',34,66),
      ('Donosian','Andrei','Victor','m','1992.11.1','951718786',34,67),
      ('Gorobeţ','Marina','Serghei','f','1993.12.2','569390520',34,68),
      ('Ianocichin','Valeria','Igor','f','1994.1.3','808957866',35,69),
      ('Jivotev','Dmitrii','Victor','m','1995.2.4','1106463122',35,70),
     -- ('Lesan','Elena','Vladimir','f','1996.3.5','18626989001',35,71),
      ('Malîhin','Andrei','Oleg','m','1990.4.6','288287495',35,72),
      ('Miţchevicius','Alexei','Vladislav','m','1991.5.7','341338150',35,73),
      ('Nofit','Alexandru','Vasile','m','1992.6.8','980280397',36,74),
      ('Noroi','Marina','Serghei','f','1993.7.9','902285416',36,75),
      ('Pavlovschi','Denis','Evghenii','m','1994.8.10',null,36,76),
      ('Pituşcan','Ion','Alexandru','m','1995.9.11','993122355',36,77),
      ('Plaschevici','Alexandru','Boris','m','1996.10.12','693951854',36,78),
      ('Reaboi','Alexei','Vladimir','m','1990.11.13','504670292',37,79),
      ('Somnie','Vladislav','Iurie','m','1991.12.14','664180939',37,80),
      ('Seroehin','Tatiana','Vasile','f','1992.1.15','530635275',37,81),
      ('Şepte','Doina','Alexandru','f','1993.2.16','755528499',37,82),
      ('Şveţ','Vadim','Stefan','m','1994.3.17','914750748',37,83),
      ('Ugbo','Denis','Andrei','m','1995.4.18','466883778',38,84),
      ('Vîlcu','Vitalie','Ion','m','1996.5.19','525626703',38,85),
      ('Arsenii','Olesea','Andrei','f','1990.6.20',null,38,86),
      ('Babac','Maxim','Oleg','m','1991.7.21','626212362',38,87),
      ('Catan','Ion','Gheorghi','m','1992.8.22','380404526',38,88),
      ('Ceban','Alexandru','Ivan','m','1993.9.23','1171680010',39,89),
      ('Ceban','Veronica','Andrei','f','1994.10.24','143979884',39,90),
      ('Chipric','Alexandr','Serghei','m','1995.11.25','19564023',39,91),
      ('Cojocaru','Mihail','Sava','m','1996.12.26','57142297',39,92),
      ('Gojin','Vitalie','Vladimir','m','1990.1.27','1178025758',39,93),
      ('Marcu','Daniela','Vladimir','f','1991.2.28','963970378',40,94),
      ('Margin','Vitalie','Leontie','m','1992.3.29','47618735',40,95),
      ('Mircea','Pavel','Anatolie','m','1993.4.1','784399219',40,96),
      ('Munteanu','Danu','Gheorghe','m','1994.5.2','210929334',40,97),
      ('Oşeca','Alexei','Victor','m','1995.6.3',null,40,98),
      ('Raţoi','Tatiana','Boris','f','1996.7.4','914660221',41,99),
      ('Sîrbu','Andrei','Mihail','m','1990.8.5','200900969',41,100),
      ('Stahi','Veronica','Constantin','f','1991.9.6','442567798',41,101),
      ('Talpă','Tatiana','Simion','f','1992.10.7','733926397',41,102),
      ('Cebanu','Jana','Evgheni','f','1993.11.8','398644525',41,1),
      ('Chihaia','Natalia','Mihail','f','1994.12.9','1133674795',42,2),
      ('Cioinac','Tatiana','Nicolae','f','1995.1.10','580823928',42,3),
      ('Cupcea','Valentina','Andrei','f','1996.2.11','962808537',42,4),
      ('Curaciova','Valeria','Victor','f','1990.3.12','1184390911',42,5),
      ('Ene','Maria','Leonid','f','1991.4.13','154250720',42,6),
      ('Ghiţu','Ana','Mihail','f','1992.5.14','1154901468',43,7),
      ('Guliţai','Cătălina','Veaceslav','f','1993.6.15','1148863326',43,8),
      ('Malic','Dina','Petru','f','1994.7.16',null,43,9),
      ('Namolovan','Cezara','Cezar','f','1995.8.17','432945581',43,10),
      ('Pascal','Olga','Vasile','f','1996.9.18','1228511625',43,11),
      ('Placinta','Andrei','Vasile','m','1990.10.19','1136754444',44,12),
      ('Popusoi','Ecaterina','Iacob','f','1991.11.20','1005256132',44,13),
      ('Punga','Elena','Serghei','f','1992.12.21','729103855',44,14),
      ('Roman','Daniela','Ion','f','1993.1.22','1141633800',44,15),
      ('Rusu','Doina','Alexandru','f','1994.2.23','576849371',44,16),
      ('Rusu','Dumitriţa','Petru','f','1995.3.24','214821671',45,17),
      ('Savitchi','Elena','Ion','f','1996.4.25','980024607',45,18),
      ('Sobari','Boris','Stepan','m','1990.5.26','10181916',45,19),
      ('Stegarescu','Corina','Vladimir','f','1991.6.27','890794320',45,20),
      ('Titei','Nadejda','Andrei','f','1992.7.28','279217227',45,21),
      ('Tofan','Viorica','Dumitru','f','1993.8.29','373998911',46,22),
      ('Tonu','Diana','Dumitru','f','1994.9.1',null,46,23),
      ('Turcan','Eugeniu','Andrei','m','1995.10.2','130003338',46,24),
      ('Ulinici','Mihaela','Dumitru','f','1996.11.3','536358029',46,25),
      ('Ursu','Sofia','Petru','f','1990.12.4','334403665',46,26),
      ('Andrieş','Daniela','Alexei','f','1991.1.5','1067716510',47,27),
      ('Andriţchi','Alina','Anatolie','f','1992.2.6','501736236',47,28),
      ('Babuş','Cristina','Nicolae','f','1993.3.7','419320043',47,29),
      ('Bolfosu','Elena','Gheorghe','f','1994.4.8','773752395',47,30),
      ('Bulgari','Erica','lura','f','1995.5.9','797400042',47,31),
      ('Carcea','Daniela','Eduard','f','1996.6.10','600412896',48,32),
      ('Cavca','Daniela','Nicolae','f','1990.7.11',null,48,33),
      ('Cebotari','Adrealina','Stefan','f','1991.8.12','706396898',48,34),
      ('Chirca','Cristina','Grigore','f','1992.9.13','1094485536',48,35),
      ('Coşman','Vadim','Vladimir','m','1993.10.14','850030377',48,36),
      ('Cristea','Natalia','Oleg','f','1994.11.15','395074854',49,37),
      ('Davidenco','Corina','Dan','f','1995.12.16','1120156768',49,38),
      ('Garştea','Cristina','Ivan','f','1996.1.17','275840136',49,39),
      ('Iazu','Aura','Oleg','f','1990.2.18','225905665',49,40),
      ('Leahu','Ion','Ion','m','1991.3.19','794176430',49,41),
      ('Munteanu','Larisa','Petru','f','1992.4.20','875837911',50,42),
      ('Nicorici','Marina','Veaceslav','f','1993.5.21','810697325',50,43),
      ('Niţa','Eugenia','Nicolae','f','1994.6.22','42185395',50,44),
      ('Pasat','Cristina','Dumitru','f','1995.7.23','410470894',50,45),
      ('Pascari','Iulia','Vitalie','f','1996.8.24','20738340',50,46),
      ('Popescu','Diana','Vasile','f','1990.9.25',null,51,47),
      ('Sclifos','Diana','Oleg','f','1991.10.26','910092843',51,48),
      ('Tcaci','Zinaida','Igor','f','1992.11.27','628531085',51,49),
      ('Ţeruş','Boris','Boris','m','1993.12.28','255491675',51,50),
      ('Ursu','Marcela','Sergiu','f','1994.1.29','623032350',51,51),
      ('Usatîi','Mariana','Boris','f','1995.2.1','409236823',52,52),
      ('Verhoveţchi','Dorina','Iurie','f','1996.3.2','970219619',52,53),
      ('Alexeina','Corina','Anatolie','f','1990.4.3','864440955',52,54),
      ('Alexuţa','Mariana','Ivan','f','1991.5.4','652881657',52,55),
      ('Bltiu','Elena','Anatolie','f','1992.6.5','1200120550',52,56),
      ('Bordeianu','Laura','Valeriu','f','1993.7.6','952132733',53,57),
      ('Cazacu','Elena','Eugeniu','f','1994.8.7','578541158',53,58),
      ('Furdui','Victoria','Aurel','f','1995.9.8','245760207',53,59),
      ('Galaju','Daniela','Andrei','f','1996.10.9',null,53,60),
      ('Glibiciuc','Daniela','Vitalie','f','1990.11.10','213278042',53,61),
      ('Glibiciuc','Nicoleta','Vitalie','f','1991.12.11','722360638',54,62),
      ('Gobjilă','Cătălina','Jan','f','1992.1.12','849302106',54,63),
      ('Golburean','Virginia','Nicolae','f','1993.2.13','313215656',54,64),
      ('Griza','Cristina','Stefan','f','1994.3.14','1134094654',54,65),
      ('Hanganu','Cristina','Valeriu','f','1995.4.15','874693468',54,66),
      ('Ostapenco','Viorica','Grigore','f','1996.5.16','146958437',55,67),
      ('Romaniuc','Eugeniu','Gheorghe','m','1990.6.17','1165447391',55,68),
      ('Rotaru','Ana','Tudor','f','1991.7.18',null,55,69),
      ('Sajin','Marcela','Marcel','f','1992.8.19','1194988909',55,70),
      ('Smoleaninov','Daniela','Marin','f','1993.9.20','1174755347',55,71);

--delete from notele
--go
insert into notele(idstudent,idobjstud,data,nota)
values(1,1,'2012.8.1',1),
(2,2,'2012.8.2',2),
(3,3,'2012.8.3',3),
(4,4,'2012.8.4',4),
(5,5,'2012.8.5',5),
(6,6,'2012.8.6',6),
(7,7,'2012.8.7',7),
(8,8,'2012.8.8',8),
(9,9,'2012.8.9',9),
(10,10,'2012.8.10',10),
(11,11,'2012.8.11',1),
(12,12,'2012.8.12',2),
(13,13,'2012.8.13',3),
(14,14,'2012.8.14',4),
(15,15,'2012.8.15',5),
(16,16,'2012.8.16',6),
(17,17,'2012.8.17',7),
(18,18,'2012.8.18',8),
(19,19,'2012.8.19',9),
(20,20,'2012.8.20',10),
(21,21,'2012.8.21',1),
(22,22,'2012.8.22',2),
(23,23,'2012.8.23',3),
(24,24,'2012.8.24',4),
(25,25,'2012.8.25',5),
(26,26,'2012.8.26',6),
(27,27,'2012.8.27',7),
(28,28,'2012.8.28',8),
(29,29,'2012.9.1',9),
(30,30,'2012.9.2',10),
(31,31,'2012.9.3',1),
(32,32,'2012.9.4',2),
(33,33,'2012.9.5',3),
(34,34,'2012.9.6',4),
(35,35,'2012.9.7',5),
(36,36,'2012.9.8',6),
(37,37,'2012.9.9',7),
(38,38,'2012.9.10',8),
(39,39,'2012.9.11',9),
(40,40,'2012.9.12',10),
(41,41,'2012.9.13',1),
(42,42,'2012.9.14',2),
(43,43,'2012.9.15',3),
(44,44,'2012.9.16',4),
(45,45,'2012.9.17',5),
(46,46,'2012.9.18',6),
(47,47,'2012.9.19',7),
(48,48,'2012.9.20',8),
(49,49,'2012.9.21',9),
(50,50,'2012.9.22',10);
----------------------------------
--  Crearea viziunilor
if object_id('v_catedre','V') is not null
	drop view v_catedre
go
create view v_catedre
as
	select idcatedre, nmcatedre, catedre.idprofesor,nmprofesor
		from catedre inner join profesor on catedre.idprofesor=profesor.idprofesor
go

if object_id('v_Localit','V') is not null
	drop view v_Localit
go
create view v_Localit
as
	select idlocalit, nmlocalit, localit.idraion,nmraion
		from localit inner join raion on localit.idraion=raion.idraion
go

if object_id('v_Objstud','V') is not null
	drop view v_Objstud
go
create view v_Objstud
as
	select idObjstud, nmObjstud, Objstud.idcatedre,nmcatedre
		from Objstud inner join catedre on Objstud.idcatedre=catedre.idcatedre
go
--select * from v_Objstud
--use master
--go