<?xml version="1.0" encoding="UTF-8" ?>
<!DOCTYPE mapper PUBLIC "-//mybatis.org//DTD Mapper 3.0//EN" "http://mybatis.org/dtd/mybatis-3-mapper.dtd">
<mapper namespace="com.forezp.shardingjdbcdbmstbl.repository.UserRepository">
    
    <resultMap id="baseResultMap" type="com.forezp.shardingjdbcdbmstbl.entity.User">
        <result column="id" property="id" jdbcType="INTEGER" />
        <result column="username" property="username" jdbcType="VARCHAR" />
        <result column="password" property="password" jdbcType="VARCHAR" />
    </resultMap>
    
    <insert id="addUser">
        INSERT INTO user (
          id, username, password
        )
        VALUES (
        #{id,jdbcType=INTEGER},
        #{username,jdbcType=VARCHAR},
        #{password,jdbcType=VARCHAR}
        )
    </insert>
   
    <select id="list" resultMap="baseResultMap">
        SELECT u.* FROM user u order by u.id  limit 0,10
    </select>

    <delete id="deleteAll">
        delete from user;
    </delete>

</mapper>
